ID,label
S0,14
S1,6
S2,6
S3,8
S4,12
S5,7
S6,12
S7,14
S8,6
S9,8
S10,6
S11,5
S12,17
S13,14
S14,6
S15,1
S16,1
S17,14
S18,6
S19,1
S20,12
S21,8
S22,12
S23,5
S24,17
S25,8
S26,12
S27,3
S28,12
S29,14
S30,6
S31,17
S32,12
S33,1
S34,14
S35,6
S36,6
S37,5
S38,2
S39,17
S40,6
S41,17
S42,12
S43,12
S44,14
S45,6
S46,6
S47,12
S48,10
S49,6
S50,6
S51,6
S52,6
S53,10
S54,6
S55,17
S56,6
S57,1
S58,2
S59,6
S60,12
S61,5
S62,14
S63,6
S64,6
S65,17
S66,12
S67,5
S68,14
S69,6
S70,6
S71,5
S72,17
S73,6
S74,1
S75,14
S76,6
S77,6
S78,6
S79,1
S80,10
S81,5
S82,6
S83,1
S84,17
S85,10
S86,5
S87,6
S88,7
S89,14
S90,6
S91,5
S92,6
S93,5
S94,14
S95,2
S96,2
S97,2
S98,12
S99,12
S100,17
S101,8
S102,5
S103,11
S104,6
S105,5
S106,7
S107,8
S108,12
S109,14
S110,6
S111,5
S112,6
S113,10
S114,6
S115,6
S116,6
S117,14
S118,6
S119,5
S120,17
S121,10
S122,5
S123,17
S124,12
S125,3
S126,8
S127,12
S128,7
S129,12
S130,5
S131,13
S132,17
S133,8
S134,14
S135,6
S136,11
S137,17
S138,8
S139,12
S140,14
S141,15
S142,6
S143,17
S144,11
S145,12
S146,1
S147,14
S148,6
S149,1
S150,6
S151,6
S152,6
S153,12
S154,12
S155,10
S156,14
S157,6
S158,6
S159,11
S160,6
S161,1
S162,5
S163,2
S164,6
S165,11
S166,8
S167,17
S168,17
S169,12
S170,10
S171,6
S172,5
S173,12
S174,6
S175,17
S176,6
S177,5
S178,11
S179,6
S180,5
S181,5
S182,17
S183,12
S184,14
S185,6
S186,11
S187,7
S188,14
S189,6
S190,8
S191,12
S192,5
S193,12
S194,14
S195,6
S196,8
S197,11
S198,10
S199,11
S200,3
S201,17
S202,11
S203,11
S204,10
S205,5
S206,17
S207,6
S208,5
S209,6
S210,1
S211,5
S212,6
S213,5
S214,6
S215,5
S216,6
S217,5
S218,2
S219,7
S220,17
S221,6
S222,8
S223,11
S224,10
S225,13
S226,11
S227,5
S228,6
S229,8
S230,3
S231,12
S232,5
S233,11
S234,13
S235,14
S236,6
S237,12
S238,6
S239,12
S240,17
S241,1
S242,5
S243,11
S244,13
S245,8
S246,3
S247,10
S248,14
S249,6
S250,6
S251,12
S252,12
S253,3
S254,12
S255,14
S256,6
S257,1
S258,6
S259,1
S260,5
S261,11
S262,1
S263,14
S264,10
S265,6
S266,12
S267,6
S268,7
S269,6
S270,11
S271,12
S272,6
S273,5
S274,14
S275,6
S276,8
S277,8
S278,11
S279,10
S280,1
S281,14
S282,6
S283,6
S284,14
S285,10
S286,10
S287,5
S288,17
S289,12
S290,3
S291,1
S292,14
S293,11
S294,6
S295,6
S296,5
S297,11
S298,10
S299,5
S300,6
S301,11
S302,17
S303,12
S304,12
S305,7
S306,17
S307,5
S308,11
S309,1
S310,12
S311,17
S312,17
S313,12
S314,3
S315,2
S316,2
S317,6
S318,12
S319,6
S320,8
S321,8
S322,12
S323,10
S324,7
S325,1
S326,14
S327,10
S328,6
S329,8
S330,3
S331,7
S332,8
S333,12
S334,8
S335,5
S336,17
S337,17
S338,12
S339,15
S340,8
S341,1
S342,14
S343,6
S344,5
S345,14
S346,10
S347,8
S348,1
S349,14
S350,6
S351,6
S352,1
S353,5
S354,17
S355,12
S356,17
S357,11
S358,17
S359,12
S360,1
S361,5
S362,17
S363,14
S364,6
S365,10
S366,5
S367,17
S368,12
S369,12
S370,3
S371,12
S372,11
S373,10
S374,17
S375,12
S376,6
S377,12
S378,11
S379,8
S380,14
S381,10
S382,6
S383,5
S384,17
S385,6
S386,2
S387,17
S388,5
S389,5
S390,17
S391,5
S392,2
S393,12
S394,5
S395,14
S396,10
S397,6
S398,2
S399,7
S400,10
S401,14
S402,6
S403,11
S404,5
S405,12
S406,11
S407,7
S408,12
S409,1
S410,5
S411,13
S412,17
S413,8
S414,10
S415,5
S416,1
S417,17
S418,6
S419,6
S420,7
S421,14
S422,12
S423,6
S424,6
S425,7
S426,12
S427,5
S428,1
S429,5
S430,6
S431,8
S432,3
S433,7
S434,17
S435,6
S436,12
S437,1
S438,17
S439,13
S440,14
S441,2
S442,3
S443,8
S444,12
S445,12
S446,5
S447,17
S448,12
S449,12
S450,17
S451,11
S452,5
S453,10
S454,10
S455,1
S456,14
S457,10
S458,6
S459,6
S460,14
S461,10
S462,6
S463,7
S464,10
S465,6
S466,7
S467,14
S468,10
S469,6
S470,6
S471,7
S472,6
S473,12
S474,5
S475,17
S476,12
S477,12
S478,12
S479,6
S480,6
S481,1
S482,6
S483,15
S484,6
S485,6
S486,5
S487,5
S488,2
S489,5
S490,17
S491,8
S492,3
S493,12
S494,14
S495,6
S496,6
S497,14
S498,6
S499,1
S500,5
S501,14
S502,5
S503,6
S504,1
S505,17
S506,11
S507,12
S508,12
S509,17
S510,5
S511,12
S512,13
S513,12
S514,17
S515,17
S516,5
S517,17
S518,17
S519,8
S520,11
S521,11
S522,11
S523,5
S524,6
S525,15
S526,6
S527,17
S528,17
S529,8
S530,12
S531,12
S532,15
S533,12
S534,1
S535,6
S536,17
S537,5
S538,17
S539,12
S540,12
S541,1
S542,17
S543,5
S544,6
S545,6
S546,5
S547,7
S548,1
S549,12
S550,1
S551,6
S552,6
S553,5
S554,12
S555,5
S556,7
S557,6
S558,1
S559,12
S560,6
S561,1
S562,14
S563,6
S564,5
S565,6
S566,5
S567,17
S568,17
S569,8
S570,17
S571,13
S572,17
S573,12
S574,14
S575,6
S576,3
S577,2
S578,2
S579,1
S580,10
S581,6
S582,5
S583,5
S584,17
S585,1
S586,2
S587,12
S588,8
S589,17
S590,10
S591,12
S592,5
S593,17
S594,12
S595,5
S596,2
S597,5
S598,2
S599,5
S600,17
S601,5
S602,17
S603,1
S604,17
S605,5
S606,6
S607,1
S608,14
S609,2
S610,6
S611,5
S612,7
S613,12
S614,14
S615,2
S616,12
S617,8
S618,12
S619,12
S620,17
S621,1
S622,14
S623,6
S624,6
S625,2
S626,5
S627,17
S628,12
S629,10
S630,6
S631,5
S632,6
S633,17
S634,12
S635,5
S636,10
S637,11
S638,6
S639,5
S640,5
S641,12
S642,6
S643,13
S644,6
S645,7
S646,14
S647,6
S648,11
S649,6
S650,5
S651,6
S652,5
S653,17
S654,8
S655,12
S656,2
S657,14
S658,6
S659,17
S660,1
S661,14
S662,11
S663,6
S664,6
S665,1
S666,14
S667,10
S668,6
S669,5
S670,17
S671,6
S672,12
S673,6
S674,8
S675,12
S676,10
S677,7
S678,17
S679,8
S680,12
S681,3
S682,12
S683,1
S684,6
S685,1
S686,14
S687,5
S688,17
S689,12
S690,1
S691,14
S692,6
S693,6
S694,12
S695,5
S696,5
S697,17
S698,12
S699,11
S700,13
S701,12
S702,17
S703,1
S704,17
S705,5
S706,12
S707,2
S708,2
S709,6
S710,5
S711,17
S712,12
S713,11
S714,12
S715,15
S716,17
S717,12
S718,17
S719,2
S720,1
S721,7
S722,17
S723,8
S724,11
S725,10
S726,1
S727,17
S728,6
S729,5
S730,10
S731,1
S732,17
S733,5
S734,17
S735,12
S736,12
S737,17
S738,8
S739,11
S740,12
S741,7
S742,17
S743,12
S744,12
S745,12
S746,17
S747,12
S748,17
S749,17
S750,12
S751,3
S752,12
S753,12
S754,5
S755,13
S756,17
S757,12
S758,14
S759,11
S760,12
S761,14
S762,6
S763,6
S764,12
S765,5
S766,17
S767,8
S768,8
S769,14
S770,6
S771,6
S772,7
S773,13
S774,14
S775,6
S776,3
S777,12
S778,12
S779,13
S780,17
S781,1
S782,6
S783,6
S784,7
S785,12
S786,1
S787,5
S788,1
S789,6
S790,1
S791,2
S792,6
S793,5
S794,5
S795,2
S796,5
S797,7
S798,17
S799,5
S800,17
S801,8
S802,12
S803,1
S804,1
S805,17
S806,17
S807,12
S808,5
S809,17
S810,6
S811,1
S812,8
S813,17
S814,5
S815,17
S816,2
S817,17
S818,14
S819,6
S820,8
S821,12
S822,8
S823,3
S824,10
S825,5
S826,11
S827,13
S828,17
S829,1
S830,6
S831,12
S832,6
S833,1
S834,10
S835,5
S836,5
S837,17
S838,8
S839,12
S840,12
S841,6
S842,7
S843,12
S844,12
S845,14
S846,6
S847,1
S848,6
S849,6
S850,1
S851,5
S852,17
S853,12
S854,7
S855,17
S856,6
S857,11
S858,12
S859,10
S860,5
S861,17
S862,12
S863,14
S864,6
S865,6
S866,1
S867,1
S868,14
S869,5
S870,1
S871,6
S872,13
S873,14
S874,5
S875,10
S876,3
S877,12
S878,2
S879,14
S880,6
S881,6
S882,5
S883,11
S884,17
S885,12
S886,12
S887,17
S888,5
S889,2
S890,2
S891,12
S892,14
S893,10
S894,1
S895,2
S896,17
S897,15
S898,6
S899,11
S900,12
S901,15
S902,1
S903,1
S904,14
S905,2
S906,7
S907,17
S908,8
S909,1
S910,1
S911,13
S912,14
S913,6
S914,5
S915,15
S916,17
S917,12
S918,12
S919,12
S920,17
S921,1
S922,2
S923,2
S924,1
S925,14
S926,6
S927,2
S928,6
S929,5
S930,17
S931,12
S932,6
S933,1
S934,14
S935,6
S936,1
S937,12
S938,6
S939,17
S940,2
S941,1
S942,17
S943,7
S944,17
S945,12
S946,14
S947,1
S948,6
S949,6
S950,8
S951,3
S952,8
S953,1
S954,11
S955,17
S956,6
S957,6
S958,5
S959,7
S960,1
S961,6
S962,7
S963,6
S964,11
S965,12
S966,10
S967,6
S968,1
S969,6
S970,6
S971,5
S972,15
S973,17
S974,8
S975,11
S976,10
S977,17
S978,12
S979,11
S980,10
S981,10
S982,17
S983,6
S984,11
S985,5
S986,17
S987,8
S988,11
S989,3
S990,12
S991,6
S992,8
S993,11
S994,12
S995,14
S996,6
S997,1
S998,6
S999,5
S1000,5
S1001,6
S1002,5
S1003,6
S1004,5
S1005,9
S1006,17
S1007,17
S1008,6
S1009,1
S1010,1
S1011,2
S1012,10
S1013,14
S1014,6
S1015,12
S1016,13
S1017,7
S1018,17
S1019,8
S1020,14
S1021,10
S1022,5
S1023,5
S1024,11
S1025,5
S1026,11
S1027,12
S1028,17
S1029,14
S1030,10
S1031,12
S1032,17
S1033,1
S1034,17
S1035,5
S1036,17
S1037,6
S1038,12
S1039,12
S1040,1
S1041,12
S1042,5
S1043,10
S1044,6
S1045,5
S1046,17
S1047,17
S1048,8
S1049,8
S1050,11
S1051,6
S1052,17
S1053,5
S1054,7
S1055,17
S1056,8
S1057,3
S1058,14
S1059,10
S1060,17
S1061,12
S1062,10
S1063,6
S1064,14
S1065,6
S1066,5
S1067,15
S1068,5
S1069,17
S1070,6
S1071,12
S1072,14
S1073,6
S1074,6
S1075,12
S1076,17
S1077,5
S1078,8
S1079,8
S1080,12
S1081,1
S1082,6
S1083,6
S1084,6
S1085,1
S1086,6
S1087,5
S1088,5
S1089,6
S1090,12
S1091,5
S1092,17
S1093,6
S1094,6
S1095,1
S1096,10
S1097,17
S1098,5
S1099,17
S1100,6
S1101,12
S1102,6
S1103,14
S1104,6
S1105,6
S1106,12
S1107,1
S1108,6
S1109,1
S1110,6
S1111,5
S1112,1
S1113,8
S1114,3
S1115,12
S1116,12
S1117,5
S1118,12
S1119,17
S1120,12
S1121,3
S1122,12
S1123,6
S1124,7
S1125,12
S1126,5
S1127,17
S1128,12
S1129,17
S1130,12
S1131,14
S1132,6
S1133,7
S1134,6
S1135,6
S1136,8
S1137,3
S1138,1
S1139,17
S1140,5
S1141,17
S1142,14
S1143,10
S1144,5
S1145,8
S1146,3
S1147,12
S1148,14
S1149,10
S1150,6
S1151,5
S1152,6
S1153,15
S1154,6
S1155,17
S1156,12
S1157,14
S1158,12
S1159,6
S1160,6
S1161,14
S1162,2
S1163,5
S1164,6
S1165,6
S1166,1
S1167,2
S1168,3
S1169,12
S1170,11
S1171,2
S1172,6
S1173,5
S1174,2
S1175,11
S1176,6
S1177,15
S1178,1
S1179,14
S1180,10
S1181,6
S1182,12
S1183,14
S1184,10
S1185,5
S1186,17
S1187,12
S1188,12
S1189,3
S1190,12
S1191,10
S1192,6
S1193,17
S1194,5
S1195,5
S1196,14
S1197,6
S1198,8
S1199,10
S1200,5
S1201,17
S1202,2
S1203,13
S1204,5
S1205,17
S1206,17
S1207,12
S1208,12
S1209,6
S1210,17
S1211,12
S1212,11
S1213,17
S1214,1
S1215,6
S1216,6
S1217,5
S1218,17
S1219,12
S1220,14
S1221,6
S1222,6
S1223,1
S1224,2
S1225,1
S1226,14
S1227,6
S1228,12
S1229,12
S1230,14
S1231,6
S1232,1
S1233,12
S1234,3
S1235,3
S1236,1
S1237,14
S1238,6
S1239,6
S1240,1
S1241,5
S1242,11
S1243,7
S1244,12
S1245,5
S1246,17
S1247,17
S1248,7
S1249,2
S1250,8
S1251,12
S1252,1
S1253,14
S1254,6
S1255,1
S1256,17
S1257,6
S1258,3
S1259,5
S1260,17
S1261,8
S1262,17
S1263,12
S1264,1
S1265,6
S1266,2
S1267,1
S1268,2
S1269,2
S1270,5
S1271,12
S1272,17
S1273,1
S1274,17
S1275,6
S1276,7
S1277,6
S1278,5
S1279,17
S1280,12
S1281,1
S1282,14
S1283,10
S1284,5
S1285,12
S1286,1
S1287,14
S1288,10
S1289,2
S1290,12
S1291,6
S1292,1
S1293,7
S1294,11
S1295,6
S1296,5
S1297,17
S1298,12
S1299,3
S1300,12
S1301,14
S1302,6
S1303,6
S1304,6
S1305,6
S1306,1
S1307,10
S1308,10
S1309,6
S1310,2
S1311,1
S1312,6
S1313,10
S1314,5
S1315,14
S1316,6
S1317,6
S1318,2
S1319,2
S1320,5
S1321,1
S1322,5
S1323,7
S1324,14
S1325,2
S1326,1
S1327,6
S1328,1
S1329,7
S1330,10
S1331,12
S1332,3
S1333,14
S1334,6
S1335,6
S1336,6
S1337,1
S1338,2
S1339,12
S1340,5
S1341,11
S1342,12
S1343,1
S1344,2
S1345,3
S1346,5
S1347,7
S1348,17
S1349,17
S1350,3
S1351,12
S1352,17
S1353,1
S1354,14
S1355,6
S1356,5
S1357,2
S1358,17
S1359,8
S1360,15
S1361,6
S1362,11
S1363,12
S1364,5
S1365,7
S1366,17
S1367,11
S1368,17
S1369,12
S1370,12
S1371,14
S1372,15
S1373,13
S1374,8
S1375,12
S1376,5
S1377,5
S1378,17
S1379,5
S1380,12
S1381,14
S1382,6
S1383,6
S1384,6
S1385,6
S1386,7
S1387,17
S1388,12
S1389,12
S1390,17
S1391,11
S1392,1
S1393,17
S1394,6
S1395,5
S1396,13
S1397,17
S1398,8
S1399,8
S1400,12
S1401,10
S1402,17
S1403,14
S1404,6
S1405,5
S1406,6
S1407,8
S1408,11
S1409,10
S1410,17
S1411,12
S1412,3
S1413,12
S1414,14
S1415,6
S1416,1
S1417,7
S1418,17
S1419,11
S1420,3
S1421,10
S1422,5
S1423,11
S1424,17
S1425,8
S1426,17
S1427,8
S1428,12
S1429,17
S1430,12
S1431,12
S1432,12
S1433,5
S1434,17
S1435,5
S1436,14
S1437,6
S1438,1
S1439,12
S1440,17
S1441,7
S1442,12
S1443,5
S1444,11
S1445,12
S1446,8
S1447,3
S1448,12
S1449,10
S1450,6
S1451,11
S1452,17
S1453,12
S1454,6
S1455,8
S1456,5
S1457,17
S1458,11
S1459,17
S1460,1
S1461,2
S1462,15
S1463,6
S1464,5
S1465,8
S1466,14
S1467,10
S1468,6
S1469,13
S1470,17
S1471,12
S1472,13
S1473,17
S1474,6
S1475,5
S1476,6
S1477,8
S1478,1
S1479,5
S1480,6
S1481,1
S1482,14
S1483,2
S1484,11
S1485,5
S1486,6
S1487,5
S1488,7
S1489,1
S1490,14
S1491,6
S1492,6
S1493,5
S1494,1
S1495,8
S1496,12
S1497,1
S1498,14
S1499,10
S1500,6
S1501,13
S1502,11
S1503,13
S1504,14
S1505,6
S1506,12
S1507,2
S1508,6
S1509,12
S1510,11
S1511,6
S1512,5
S1513,17
S1514,12
S1515,2
S1516,17
S1517,12
S1518,11
S1519,17
S1520,6
S1521,12
S1522,5
S1523,17
S1524,10
S1525,11
S1526,6
S1527,1
S1528,2
S1529,5
S1530,14
S1531,6
S1532,7
S1533,6
S1534,8
S1535,11
S1536,5
S1537,14
S1538,6
S1539,15
S1540,6
S1541,6
S1542,1
S1543,14
S1544,6
S1545,1
S1546,17
S1547,5
S1548,11
S1549,5
S1550,14
S1551,6
S1552,12
S1553,1
S1554,17
S1555,8
S1556,17
S1557,7
S1558,17
S1559,17
S1560,6
S1561,17
S1562,12
S1563,14
S1564,6
S1565,17
S1566,6
S1567,5
S1568,1
S1569,17
S1570,12
S1571,15
S1572,5
S1573,2
S1574,5
S1575,17
S1576,12
S1577,2
S1578,6
S1579,6
S1580,1
S1581,2
S1582,2
S1583,2
S1584,2
S1585,2
S1586,5
S1587,2
S1588,1
S1589,2
S1590,15
S1591,5
S1592,2
S1593,5
S1594,11
S1595,11
S1596,17
S1597,12
S1598,13
S1599,8
S1600,14
S1601,2
S1602,5
S1603,6
S1604,5
S1605,7
S1606,6
S1607,5
S1608,5
S1609,17
S1610,12
S1611,12
S1612,7
S1613,12
S1614,11
S1615,11
S1616,17
S1617,11
S1618,12
S1619,17
S1620,5
S1621,17
S1622,10
S1623,1
S1624,17
S1625,6
S1626,1
S1627,6
S1628,5
S1629,5
S1630,2
S1631,2
S1632,2
S1633,11
S1634,5
S1635,2
S1636,12
S1637,13
S1638,1
S1639,14
S1640,6
S1641,6
S1642,3
S1643,5
S1644,14
S1645,6
S1646,17
S1647,14
S1648,6
S1649,6
S1650,6
S1651,6
S1652,8
S1653,5
S1654,2
S1655,1
S1656,14
S1657,14
S1658,6
S1659,17
S1660,12
S1661,5
S1662,17
S1663,8
S1664,12
S1665,6
S1666,5
S1667,1
S1668,6
S1669,3
S1670,7
S1671,2
S1672,5
S1673,8
S1674,17
S1675,12
S1676,6
S1677,1
S1678,6
S1679,7
S1680,6
S1681,17
S1682,17
S1683,17
S1684,6
S1685,5
S1686,12
S1687,6
S1688,14
S1689,6
S1690,6
S1691,1
S1692,2
S1693,5
S1694,2
S1695,2
S1696,5
S1697,10
S1698,2
S1699,2
S1700,6
S1701,5
S1702,15
S1703,8
S1704,12
S1705,13
S1706,12
S1707,5
S1708,1
S1709,15
S1710,5
S1711,12
S1712,1
S1713,11
S1714,12
S1715,8
S1716,11
S1717,10
S1718,5
S1719,17
S1720,12
S1721,14
S1722,10
S1723,6
S1724,10
S1725,1
S1726,17
S1727,17
S1728,12
S1729,1
S1730,5
S1731,17
S1732,12
S1733,5
S1734,14
S1735,2
S1736,2
S1737,5
S1738,17
S1739,8
S1740,12
S1741,5
S1742,17
S1743,8
S1744,12
S1745,6
S1746,8
S1747,15
S1748,12
S1749,1
S1750,12
S1751,1
S1752,2
S1753,7
S1754,14
S1755,10
S1756,14
S1757,6
S1758,5
S1759,12
S1760,6
S1761,5
S1762,11
S1763,13
S1764,14
S1765,6
S1766,8
S1767,10
S1768,12
S1769,6
S1770,5
S1771,14
S1772,10
S1773,6
S1774,14
S1775,6
S1776,8
S1777,1
S1778,14
S1779,6
S1780,6
S1781,6
S1782,3
S1783,7
S1784,2
S1785,6
S1786,6
S1787,1
S1788,5
S1789,17
S1790,17
S1791,12
S1792,17
S1793,6
S1794,5
S1795,6
S1796,6
S1797,6
S1798,14
S1799,6
S1800,5
S1801,6
S1802,1
S1803,12
S1804,17
S1805,17
S1806,1
S1807,6
S1808,17
S1809,8
S1810,5
S1811,17
S1812,6
S1813,11
S1814,12
S1815,3
S1816,17
S1817,5
S1818,17
S1819,8
S1820,12
S1821,12
S1822,5
S1823,17
S1824,12
S1825,17
S1826,6
S1827,12
S1828,17
S1829,3
S1830,3
S1831,12
S1832,1
S1833,14
S1834,10
S1835,5
S1836,5
S1837,17
S1838,5
S1839,17
S1840,17
S1841,11
S1842,12
S1843,17
S1844,1
S1845,2
S1846,5
S1847,14
S1848,8
S1849,8
S1850,12
S1851,1
S1852,15
S1853,5
S1854,6
S1855,5
S1856,17
S1857,12
S1858,17
S1859,10
S1860,3
S1861,12
S1862,14
S1863,6
S1864,12
S1865,14
S1866,6
S1867,7
S1868,11
S1869,17
S1870,8
S1871,12
S1872,10
S1873,10
S1874,5
S1875,17
S1876,8
S1877,11
S1878,12
S1879,14
S1880,10
S1881,1
S1882,14
S1883,6
S1884,5
S1885,1
S1886,17
S1887,5
S1888,17
S1889,8
S1890,12
S1891,1
S1892,6
S1893,11
S1894,1
S1895,2
S1896,1
S1897,5
S1898,2
S1899,1
S1900,6
S1901,6
S1902,1
S1903,6
S1904,1
S1905,6
S1906,1
S1907,14
S1908,1
S1909,12
S1910,6
S1911,5
S1912,12
S1913,5
S1914,12
S1915,2
S1916,2
S1917,5
S1918,5
S1919,13
S1920,17
S1921,12
S1922,12
S1923,14
S1924,6
S1925,7
S1926,5
S1927,7
S1928,12
S1929,1
S1930,2
S1931,5
S1932,8
S1933,1
S1934,14
S1935,11
S1936,1
S1937,6
S1938,6
S1939,1
S1940,12
S1941,5
S1942,2
S1943,6
S1944,1
S1945,1
S1946,6
S1947,6
S1948,5
S1949,7
S1950,13
S1951,6
S1952,17
S1953,8
S1954,7
S1955,12
S1956,11
S1957,15
S1958,5
S1959,17
S1960,8
S1961,17
S1962,6
S1963,6
S1964,6
S1965,7
S1966,6
S1967,12
S1968,17
S1969,12
S1970,17
S1971,5
S1972,17
S1973,6
S1974,5
S1975,17
S1976,17
S1977,8
S1978,12
S1979,17
S1980,12
S1981,2
S1982,1
S1983,10
S1984,6
S1985,6
S1986,5
S1987,5
S1988,14
S1989,2
S1990,12
S1991,13
S1992,1
S1993,14
S1994,10
S1995,6
S1996,1
S1997,7
S1998,1
S1999,6
S2000,12
S2001,6
S2002,1
S2003,10
S2004,14
S2005,6
S2006,5
S2007,1
S2008,5
S2009,5
S2010,17
S2011,12
S2012,5
S2013,17
S2014,8
S2015,17
S2016,12
S2017,12
S2018,14
S2019,6
S2020,3
S2021,12
S2022,6
S2023,1
S2024,17
S2025,2
S2026,1
S2027,2
S2028,6
S2029,1
S2030,2
S2031,5
S2032,17
S2033,8
S2034,12
S2035,12
S2036,14
S2037,6
S2038,13
S2039,6
S2040,6
S2041,17
S2042,5
S2043,17
S2044,5
S2045,17
S2046,8
S2047,5
S2048,12
S2049,2
S2050,12
S2051,5
S2052,12
S2053,3
S2054,2
S2055,2
S2056,12
S2057,13
S2058,12
S2059,1
S2060,2
S2061,7
S2062,17
S2063,6
S2064,5
S2065,6
S2066,6
S2067,14
S2068,10
S2069,17
S2070,12
S2071,1
S2072,6
S2073,17
S2074,12
S2075,2
S2076,5
S2077,1
S2078,5
S2079,12
S2080,5
S2081,10
S2082,5
S2083,7
S2084,5
S2085,7
S2086,5
S2087,5
S2088,17
S2089,8
S2090,12
S2091,12
S2092,1
S2093,12
S2094,1
S2095,11
S2096,2
S2097,6
S2098,6
S2099,7
S2100,1
S2101,15
S2102,17
S2103,14
S2104,6
S2105,1
S2106,2
S2107,14
S2108,6
S2109,5
S2110,5
S2111,2
S2112,11
S2113,17
S2114,5
S2115,14
S2116,10
S2117,6
S2118,5
S2119,10
S2120,5
S2121,17
S2122,8
S2123,11
S2124,12
S2125,2
S2126,1
S2127,6
S2128,6
S2129,1
S2130,14
S2131,2
S2132,7
S2133,2
S2134,6
S2135,5
S2136,17
S2137,8
S2138,12
S2139,12
S2140,1
S2141,2
S2142,6
S2143,6
S2144,10
S2145,6
S2146,7
S2147,2
S2148,3
S2149,3
S2150,12
S2151,12
S2152,10
S2153,6
S2154,5
S2155,6
S2156,5
S2157,17
S2158,12
S2159,14
S2160,6
S2161,1
S2162,6
S2163,6
S2164,17
S2165,12
S2166,12
S2167,7
S2168,12
S2169,6
S2170,1
S2171,5
S2172,13
S2173,17
S2174,8
S2175,6
S2176,1
S2177,12
S2178,5
S2179,17
S2180,8
S2181,12
S2182,6
S2183,12
S2184,10
S2185,1
S2186,5
S2187,17
S2188,8
S2189,14
S2190,10
S2191,8
S2192,5
S2193,7
S2194,17
S2195,8
S2196,14
S2197,10
S2198,6
S2199,12
S2200,5
S2201,17
S2202,5
S2203,17
S2204,8
S2205,8
S2206,14
S2207,10
S2208,6
S2209,5
S2210,17
S2211,2
S2212,5
S2213,17
S2214,15
S2215,17
S2216,17
S2217,14
S2218,6
S2219,1
S2220,12
S2221,11
S2222,6
S2223,12
S2224,12
S2225,7
S2226,12
S2227,12
S2228,5
S2229,9
S2230,15
S2231,6
S2232,12
S2233,17
S2234,12
S2235,14
S2236,10
S2237,5
S2238,11
S2239,5
S2240,17
S2241,7
S2242,17
S2243,8
S2244,3
S2245,7
S2246,14
S2247,6
S2248,8
S2249,10
S2250,3
S2251,12
S2252,1
S2253,6
S2254,5
S2255,17
S2256,5
S2257,6
S2258,17
S2259,12
S2260,3
S2261,12
S2262,10
S2263,6
S2264,5
S2265,12
S2266,8
S2267,12
S2268,1
S2269,14
S2270,5
S2271,10
S2272,6
S2273,5
S2274,1
S2275,5
S2276,12
S2277,1
S2278,14
S2279,6
S2280,6
S2281,1
S2282,17
S2283,5
S2284,5
S2285,17
S2286,8
S2287,10
S2288,1
S2289,14
S2290,6
S2291,17
S2292,17
S2293,12
S2294,6
S2295,6
S2296,5
S2297,17
S2298,12
S2299,12
S2300,17
S2301,11
S2302,12
S2303,14
S2304,2
S2305,11
S2306,10
S2307,8
S2308,12
S2309,17
S2310,15
S2311,10
S2312,8
S2313,11
S2314,12
S2315,14
S2316,5
S2317,2
S2318,2
S2319,5
S2320,6
S2321,14
S2322,2
S2323,6
S2324,6
S2325,5
S2326,12
S2327,6
S2328,12
S2329,5
S2330,17
S2331,12
S2332,1
S2333,15
S2334,6
S2335,14
S2336,6
S2337,12
S2338,8
S2339,12
S2340,11
S2341,10
S2342,17
S2343,6
S2344,5
S2345,8
S2346,14
S2347,6
S2348,5
S2349,6
S2350,7
S2351,5
S2352,17
S2353,8
S2354,11
S2355,10
S2356,5
S2357,14
S2358,6
S2359,6
S2360,10
S2361,17
S2362,12
S2363,3
S2364,14
S2365,2
S2366,17
S2367,6
S2368,12
S2369,12
S2370,6
S2371,6
S2372,14
S2373,10
S2374,6
S2375,12
S2376,17
S2377,8
S2378,14
S2379,10
S2380,12
S2381,3
S2382,6
S2383,17
S2384,7
S2385,2
S2386,11
S2387,8
S2388,17
S2389,12
S2390,17
S2391,1
S2392,1
S2393,2
S2394,17
S2395,6
S2396,8
S2397,8
S2398,12
S2399,17
S2400,6
S2401,1
S2402,14
S2403,6
S2404,1
S2405,11
S2406,7
S2407,17
S2408,8
S2409,8
S2410,11
S2411,10
S2412,5
S2413,17
S2414,12
S2415,5
S2416,7
S2417,2
S2418,8
S2419,11
S2420,1
S2421,7
S2422,6
S2423,3
S2424,14
S2425,10
S2426,6
S2427,1
S2428,14
S2429,6
S2430,5
S2431,5
S2432,5
S2433,5
S2434,17
S2435,8
S2436,12
S2437,14
S2438,6
S2439,6
S2440,1
S2441,14
S2442,6
S2443,1
S2444,7
S2445,10
S2446,6
S2447,1
S2448,17
S2449,6
S2450,7
S2451,17
S2452,5
S2453,17
S2454,12
S2455,3
S2456,12
S2457,13
S2458,12
S2459,1
S2460,14
S2461,6
S2462,5
S2463,12
S2464,17
S2465,11
S2466,11
S2467,7
S2468,17
S2469,8
S2470,14
S2471,12
S2472,1
S2473,6
S2474,1
S2475,6
S2476,11
S2477,12
S2478,10
S2479,10
S2480,11
S2481,17
S2482,14
S2483,6
S2484,12
S2485,6
S2486,8
S2487,10
S2488,11
S2489,2
S2490,1
S2491,17
S2492,12
S2493,13
S2494,8
S2495,12
S2496,5
S2497,7
S2498,17
S2499,8
S2500,3
S2501,12
S2502,3
S2503,17
S2504,8
S2505,3
S2506,12
S2507,12
S2508,5
S2509,10
S2510,17
S2511,17
S2512,12
S2513,6
S2514,17
S2515,12
S2516,2
S2517,2
S2518,17
S2519,12
S2520,2
S2521,11
S2522,14
S2523,6
S2524,5
S2525,17
S2526,8
S2527,10
S2528,14
S2529,6
S2530,12
S2531,5
S2532,5
S2533,11
S2534,6
S2535,7
S2536,10
S2537,6
S2538,6
S2539,11
S2540,5
S2541,17
S2542,17
S2543,8
S2544,17
S2545,12
S2546,1
S2547,10
S2548,6
S2549,5
S2550,10
S2551,1
S2552,5
S2553,14
S2554,6
S2555,8
S2556,12
S2557,5
S2558,17
S2559,8
S2560,11
S2561,10
S2562,13
S2563,17
S2564,12
S2565,12
S2566,14
S2567,6
S2568,6
S2569,6
S2570,1
S2571,17
S2572,17
S2573,6
S2574,5
S2575,6
S2576,5
S2577,17
S2578,6
S2579,5
S2580,6
S2581,6
S2582,1
S2583,17
S2584,12
S2585,11
S2586,10
S2587,1
S2588,14
S2589,6
S2590,6
S2591,5
S2592,17
S2593,12
S2594,14
S2595,6
S2596,5
S2597,17
S2598,6
S2599,10
S2600,6
S2601,6
S2602,5
S2603,6
S2604,5
S2605,6
S2606,6
S2607,15
S2608,6
S2609,1
S2610,2
S2611,2
S2612,2
S2613,5
S2614,17
S2615,12
S2616,2
S2617,6
S2618,17
S2619,8
S2620,12
S2621,10
S2622,6
S2623,1
S2624,14
S2625,10
S2626,11
S2627,5
S2628,11
S2629,6
S2630,6
S2631,5
S2632,14
S2633,2
S2634,12
S2635,8
S2636,12
S2637,11
S2638,1
S2639,14
S2640,6
S2641,1
S2642,6
S2643,17
S2644,17
S2645,17
S2646,8
S2647,1
S2648,7
S2649,14
S2650,6
S2651,6
S2652,7
S2653,5
S2654,7
S2655,6
S2656,6
S2657,5
S2658,17
S2659,8
S2660,3
S2661,17
S2662,6
S2663,10
S2664,5
S2665,3
S2666,5
S2667,11
S2668,11
S2669,5
S2670,17
S2671,8
S2672,1
S2673,14
S2674,6
S2675,1
S2676,6
S2677,1
S2678,17
S2679,10
S2680,6
S2681,5
S2682,7
S2683,17
S2684,6
S2685,3
S2686,7
S2687,8
S2688,12
S2689,11
S2690,1
S2691,12
S2692,1
S2693,14
S2694,6
S2695,1
S2696,14
S2697,6
S2698,5
S2699,2
S2700,6
S2701,5
S2702,6
S2703,12
S2704,5
S2705,2
S2706,2
S2707,5
S2708,11
S2709,10
S2710,17
S2711,10
S2712,6
S2713,6
S2714,1
S2715,2
S2716,2
S2717,6
S2718,1
S2719,12
S2720,5
S2721,2
S2722,6
S2723,17
S2724,5
S2725,17
S2726,6
S2727,17
S2728,8
S2729,11
S2730,10
S2731,3
S2732,12
S2733,17
S2734,6
S2735,5
S2736,14
S2737,6
S2738,6
S2739,17
S2740,12
S2741,14
S2742,6
S2743,6
S2744,12
S2745,6
S2746,5
S2747,17
S2748,14
S2749,6
S2750,12
S2751,5
S2752,17
S2753,5
S2754,6
S2755,5
S2756,17
S2757,6
S2758,1
S2759,14
S2760,2
S2761,7
S2762,6
S2763,6
S2764,6
S2765,12
S2766,5
S2767,2
S2768,2
S2769,2
S2770,5
S2771,11
S2772,17
S2773,6
S2774,6
S2775,1
S2776,2
S2777,5
S2778,2
S2779,6
S2780,6
S2781,8
S2782,12
S2783,10
S2784,11
S2785,10
S2786,7
S2787,14
S2788,6
S2789,11
S2790,10
S2791,14
S2792,6
S2793,1
S2794,2
S2795,2
S2796,5
S2797,17
S2798,12
S2799,12
S2800,5
S2801,14
S2802,6
S2803,8
S2804,17
S2805,17
S2806,5
S2807,5
S2808,17
S2809,8
S2810,8
S2811,12
S2812,17
S2813,1
S2814,10
S2815,6
S2816,6
S2817,7
S2818,6
S2819,6
S2820,17
S2821,12
S2822,6
S2823,1
S2824,17
S2825,6
S2826,1
S2827,17
S2828,5
S2829,13
S2830,17
S2831,8
S2832,17
S2833,6
S2834,8
S2835,11
S2836,12
S2837,17
S2838,12
S2839,12
S2840,1
S2841,17
S2842,5
S2843,17
S2844,7
S2845,14
S2846,6
S2847,1
S2848,14
S2849,6
S2850,17
S2851,12
S2852,13
S2853,17
S2854,12
S2855,14
S2856,6
S2857,6
S2858,14
S2859,6
S2860,6
S2861,5
S2862,8
S2863,12
S2864,10
S2865,1
S2866,5
S2867,11
S2868,5
S2869,5
S2870,2
S2871,2
S2872,5
S2873,2
S2874,5
S2875,5
S2876,2
S2877,12
S2878,5
S2879,15
S2880,5
S2881,5
S2882,6
S2883,12
S2884,1
S2885,14
S2886,6
S2887,5
S2888,17
S2889,12
S2890,14
S2891,6
S2892,6
S2893,5
S2894,17
S2895,8
S2896,12
S2897,1
S2898,10
S2899,6
S2900,6
S2901,11
S2902,10
S2903,8
S2904,17
S2905,6
S2906,7
S2907,17
S2908,5
S2909,11
S2910,12
S2911,6
S2912,1
S2913,14
S2914,10
S2915,6
S2916,5
S2917,6
S2918,12
S2919,17
S2920,12
S2921,6
S2922,5
S2923,17
S2924,12
S2925,5
S2926,17
S2927,11
S2928,13
S2929,14
S2930,12
S2931,6
S2932,6
S2933,3
S2934,6
S2935,6
S2936,1
S2937,6
S2938,7
S2939,1
S2940,14
S2941,6
S2942,14
S2943,6
S2944,5
S2945,2
S2946,12
S2947,3
S2948,2
S2949,6
S2950,6
S2951,1
S2952,17
S2953,1
S2954,6
S2955,1
S2956,5
S2957,14
S2958,6
S2959,13
S2960,12
S2961,6
S2962,5
S2963,14
S2964,6
S2965,3
S2966,12
S2967,5
S2968,12
S2969,5
S2970,2
S2971,2
S2972,5
S2973,17
S2974,5
S2975,17
S2976,1
S2977,17
S2978,6
S2979,8
S2980,10
S2981,14
S2982,2
S2983,1
S2984,1
S2985,14
S2986,2
S2987,5
S2988,12
S2989,17
S2990,10
S2991,1
S2992,14
S2993,10
S2994,6
S2995,1
S2996,2
S2997,8
S2998,11
S2999,1
S3000,2
S3001,15
S3002,5
S3003,17
S3004,8
S3005,11
S3006,10
S3007,5
S3008,17
S3009,11
S3010,12
S3011,3
S3012,12
S3013,1
S3014,1
S3015,11
S3016,2
S3017,3
S3018,6
S3019,2
S3020,1
S3021,5
S3022,11
S3023,17
S3024,6
S3025,3
S3026,12
S3027,17
S3028,14
S3029,6
S3030,1
S3031,14
S3032,6
S3033,7
S3034,17
S3035,8
S3036,3
S3037,12
S3038,1
S3039,10
S3040,6
S3041,5
S3042,17
S3043,8
S3044,12
S3045,6
S3046,6
S3047,12
S3048,7
S3049,14
S3050,6
S3051,8
S3052,14
S3053,10
S3054,5
S3055,17
S3056,12
S3057,14
S3058,6
S3059,6
S3060,5
S3061,6
S3062,6
S3063,6
S3064,5
S3065,17
S3066,2
S3067,5
S3068,2
S3069,2
S3070,2
S3071,10
S3072,1
S3073,7
S3074,6
S3075,1
S3076,1
S3077,14
S3078,6
S3079,3
S3080,14
S3081,6
S3082,6
S3083,5
S3084,17
S3085,8
S3086,14
S3087,10
S3088,6
S3089,3
S3090,12
S3091,17
S3092,12
S3093,5
S3094,6
S3095,8
S3096,11
S3097,10
S3098,7
S3099,11
S3100,6
S3101,5
S3102,17
S3103,12
S3104,12
S3105,17
S3106,6
S3107,13
S3108,14
S3109,2
S3110,6
S3111,1
S3112,6
S3113,3
S3114,12
S3115,17
S3116,1
S3117,14
S3118,10
S3119,6
S3120,7
S3121,5
S3122,1
S3123,5
S3124,6
S3125,17
S3126,17
S3127,10
S3128,13
S3129,12
S3130,12
S3131,6
S3132,12
S3133,11
S3134,1
S3135,14
S3136,10
S3137,7
S3138,14
S3139,6
S3140,5
S3141,17
S3142,5
S3143,14
S3144,6
S3145,6
S3146,17
S3147,7
S3148,12
S3149,6
S3150,14
S3151,6
S3152,3
S3153,12
S3154,6
S3155,6
S3156,1
S3157,5
S3158,1
S3159,6
S3160,1
S3161,2
S3162,6
S3163,1
S3164,14
S3165,2
S3166,6
S3167,5
S3168,17
S3169,1
S3170,17
S3171,12
S3172,3
S3173,12
S3174,11
S3175,17
S3176,5
S3177,17
S3178,5
S3179,8
S3180,8
S3181,12
S3182,1
S3183,14
S3184,15
S3185,6
S3186,6
S3187,5
S3188,17
S3189,12
S3190,17
S3191,17
S3192,6
S3193,5
S3194,17
S3195,12
S3196,13
S3197,12
S3198,17
S3199,12
S3200,14
S3201,6
S3202,6
S3203,1
S3204,5
S3205,17
S3206,8
S3207,11
S3208,12
S3209,11
S3210,12
S3211,5
S3212,17
S3213,14
S3214,6
S3215,8
S3216,3
S3217,12
S3218,5
S3219,17
S3220,8
S3221,17
S3222,12
S3223,1
S3224,12
S3225,5
S3226,17
S3227,11
S3228,8
S3229,3
S3230,12
S3231,2
S3232,3
S3233,17
S3234,17
S3235,11
S3236,3
S3237,17
S3238,12
S3239,11
S3240,5
S3241,16
S3242,2
S3243,6
S3244,6
S3245,5
S3246,17
S3247,12
S3248,3
S3249,12
S3250,1
S3251,6
S3252,14
S3253,6
S3254,6
S3255,14
S3256,6
S3257,7
S3258,14
S3259,6
S3260,6
S3261,6
S3262,12
S3263,8
S3264,4
S3265,15
S3266,7
S3267,12
S3268,17
S3269,12
S3270,6
S3271,1
S3272,2
S3273,6
S3274,17
S3275,12
S3276,17
S3277,12
S3278,4
S3279,15
S3280,5
S3281,17
S3282,12
S3283,12
S3284,6
S3285,3
S3286,12
S3287,3
S3288,17
S3289,5
S3290,10
S3291,3
S3292,12
S3293,13
S3294,8
S3295,12
S3296,5
S3297,17
S3298,8
S3299,3
S3300,12
S3301,1
S3302,2
S3303,1
S3304,2
S3305,7
S3306,11
S3307,12
S3308,6
S3309,17
S3310,1
S3311,12
S3312,14
S3313,6
S3314,6
S3315,5
S3316,12
S3317,6
S3318,1
S3319,5
S3320,14
S3321,6
S3322,13
S3323,17
S3324,8
S3325,12
S3326,1
S3327,6
S3328,6
S3329,17
S3330,12
S3331,5
S3332,11
S3333,2
S3334,1
S3335,2
S3336,5
S3337,11
S3338,17
S3339,2
S3340,2
S3341,6
S3342,7
S3343,13
S3344,6
S3345,11
S3346,17
S3347,14
S3348,6
S3349,17
S3350,14
S3351,6
S3352,1
S3353,14
S3354,6
S3355,6
S3356,5
S3357,5
S3358,14
S3359,6
S3360,6
S3361,1
S3362,14
S3363,10
S3364,6
S3365,5
S3366,7
S3367,17
S3368,12
S3369,14
S3370,6
S3371,15
S3372,6
S3373,1
S3374,12
S3375,5
S3376,17
S3377,12
S3378,2
S3379,3
S3380,6
S3381,14
S3382,6
S3383,1
S3384,1
S3385,1
S3386,5
S3387,7
S3388,17
S3389,8
S3390,3
S3391,12
S3392,6
S3393,14
S3394,6
S3395,1
S3396,6
S3397,8
S3398,15
S3399,6
S3400,6
S3401,1
S3402,14
S3403,5
S3404,5
S3405,2
S3406,15
S3407,17
S3408,17
S3409,8
S3410,14
S3411,6
S3412,1
S3413,14
S3414,6
S3415,5
S3416,14
S3417,10
S3418,6
S3419,12
S3420,8
S3421,11
S3422,10
S3423,7
S3424,10
S3425,5
S3426,5
S3427,5
S3428,17
S3429,8
S3430,12
S3431,14
S3432,6
S3433,7
S3434,14
S3435,6
S3436,6
S3437,8
S3438,12
S3439,7
S3440,17
S3441,12
S3442,3
S3443,7
S3444,12
S3445,14
S3446,6
S3447,17
S3448,8
S3449,10
S3450,7
S3451,17
S3452,12
S3453,10
S3454,14
S3455,6
S3456,1
S3457,17
S3458,6
S3459,7
S3460,2
S3461,5
S3462,5
S3463,2
S3464,1
S3465,2
S3466,10
S3467,6
S3468,10
S3469,1
S3470,2
S3471,5
S3472,14
S3473,6
S3474,6
S3475,1
S3476,2
S3477,17
S3478,8
S3479,1
S3480,17
S3481,1
S3482,6
S3483,5
S3484,12
S3485,1
S3486,2
S3487,2
S3488,1
S3489,2
S3490,6
S3491,1
S3492,14
S3493,6
S3494,6
S3495,17
S3496,8
S3497,5
S3498,11
S3499,5
S3500,8
S3501,14
S3502,10
S3503,6
S3504,3
S3505,5
S3506,12
S3507,2
S3508,2
S3509,14
S3510,6
S3511,6
S3512,1
S3513,6
S3514,5
S3515,15
S3516,1
S3517,17
S3518,6
S3519,1
S3520,6
S3521,6
S3522,11
S3523,17
S3524,12
S3525,11
S3526,17
S3527,6
S3528,5
S3529,17
S3530,12
S3531,17
S3532,12
S3533,11
S3534,6
S3535,5
S3536,6
S3537,1
S3538,17
S3539,5
S3540,14
S3541,6
S3542,6
S3543,12
S3544,8
S3545,14
S3546,5
S3547,17
S3548,13
S3549,17
S3550,6
S3551,8
S3552,6
S3553,1
S3554,5
S3555,17
S3556,12
S3557,12
S3558,17
S3559,6
S3560,12
S3561,12
S3562,12
S3563,17
S3564,5
S3565,10
S3566,5
S3567,7
S3568,5
S3569,15
S3570,5
S3571,7
S3572,5
S3573,6
S3574,5
S3575,5
S3576,5
S3577,9
S3578,5
S3579,5
S3580,6
S3581,6
S3582,17
S3583,12
S3584,12
S3585,11
S3586,1
S3587,6
S3588,7
S3589,17
S3590,8
S3591,12
S3592,3
S3593,12
S3594,3
S3595,14
S3596,6
S3597,3
S3598,10
S3599,17
S3600,14
S3601,6
S3602,8
S3603,8
S3604,1
S3605,5
S3606,17
S3607,12
S3608,5
S3609,7
S3610,11
S3611,12
S3612,5
S3613,12
S3614,17
S3615,1
S3616,17
S3617,12
S3618,3
S3619,12
S3620,3
S3621,17
S3622,12
S3623,8
S3624,12
S3625,1
S3626,7
S3627,6
S3628,11
S3629,5
S3630,17
S3631,6
S3632,8
S3633,10
S3634,7
S3635,10
S3636,6
S3637,1
S3638,14
S3639,6
S3640,5
S3641,10
S3642,2
S3643,2
S3644,6
S3645,5
S3646,17
S3647,12
S3648,12
S3649,17
S3650,17
S3651,8
S3652,17
S3653,6
S3654,17
S3655,8
S3656,12
S3657,7
S3658,12
S3659,17
S3660,12
S3661,17
S3662,2
S3663,1
S3664,17
S3665,10
S3666,6
S3667,17
S3668,12
S3669,1
S3670,6
S3671,6
S3672,1
S3673,7
S3674,6
S3675,6
S3676,1
S3677,6
S3678,1
S3679,17
S3680,6
S3681,5
S3682,5
S3683,17
S3684,12
S3685,6
S3686,14
S3687,6
S3688,6
S3689,5
S3690,6
S3691,5
S3692,6
S3693,5
S3694,6
S3695,5
S3696,17
S3697,6
S3698,6
S3699,3
S3700,6
S3701,6
S3702,17
S3703,12
S3704,8
S3705,12
S3706,14
S3707,10
S3708,7
S3709,17
S3710,6
S3711,1
S3712,6
S3713,5
S3714,17
S3715,8
S3716,12
S3717,12
S3718,12
S3719,1
S3720,11
S3721,5
S3722,5
S3723,17
S3724,8
S3725,17
S3726,6
S3727,5
S3728,12
S3729,15
S3730,15
S3731,2
S3732,2
S3733,2
S3734,14
S3735,6
S3736,6
S3737,15
S3738,6
S3739,5
S3740,15
S3741,5
S3742,14
S3743,6
S3744,5
S3745,5
S3746,12
S3747,2
S3748,12
S3749,5
S3750,2
S3751,8
S3752,6
S3753,2
S3754,5
S3755,15
S3756,15
S3757,14
S3758,2
S3759,2
S3760,3
S3761,12
S3762,6
S3763,13
S3764,14
S3765,2
S3766,5
S3767,17
S3768,8
S3769,11
S3770,5
S3771,17
S3772,17
S3773,12
S3774,15
S3775,5
S3776,17
S3777,8
S3778,14
S3779,6
S3780,1
S3781,5
S3782,2
S3783,1
S3784,10
S3785,6
S3786,7
S3787,11
S3788,6
S3789,3
S3790,12
S3791,10
S3792,17
S3793,6
S3794,14
S3795,10
S3796,6
S3797,5
S3798,16
S3799,12
S3800,14
S3801,6
S3802,1
S3803,14
S3804,8
S3805,12
S3806,5
S3807,17
S3808,1
S3809,17
S3810,6
S3811,7
S3812,12
S3813,13
S3814,11
S3815,8
S3816,17
S3817,6
S3818,6
S3819,5
S3820,17
S3821,14
S3822,6
S3823,6
S3824,1
S3825,6
S3826,12
S3827,9
S3828,6
S3829,15
S3830,6
S3831,13
S3832,17
S3833,8
S3834,10
S3835,6
S3836,17
S3837,17
S3838,6
S3839,5
S3840,6
S3841,6
S3842,5
S3843,11
S3844,6
S3845,7
S3846,12
S3847,11
S3848,5
S3849,17
S3850,1
S3851,14
S3852,6
S3853,5
S3854,11
S3855,15
S3856,15
S3857,6
S3858,17
S3859,8
S3860,12
S3861,1
S3862,12
S3863,5
S3864,2
S3865,8
S3866,17
S3867,2
S3868,2
S3869,1
S3870,14
S3871,10
S3872,5
S3873,5
S3874,17
S3875,6
S3876,1
S3877,5
S3878,6
S3879,8
S3880,12
S3881,10
S3882,3
S3883,6
S3884,17
S3885,5
S3886,12
S3887,17
S3888,12
S3889,17
S3890,8
S3891,8
S3892,11
S3893,6
S3894,17
S3895,12
S3896,11
S3897,10
S3898,6
S3899,6
S3900,7
S3901,6
S3902,6
S3903,8
S3904,12
S3905,17
S3906,12
S3907,17
S3908,1
S3909,12
S3910,3
S3911,10
S3912,6
S3913,1
S3914,12
S3915,8
S3916,14
S3917,6
S3918,6
S3919,6
S3920,5
S3921,17
S3922,8
S3923,12
S3924,1
S3925,6
S3926,17
S3927,8
S3928,12
S3929,1
S3930,12
S3931,17
S3932,1
S3933,2
S3934,12
S3935,7
S3936,6
S3937,1
S3938,12
S3939,1
S3940,14
S3941,6
S3942,5
S3943,6
S3944,6
S3945,5
S3946,17
S3947,12
S3948,11
S3949,15
S3950,17
S3951,12
S3952,11
S3953,6
S3954,17
S3955,7
S3956,14
S3957,2
S3958,8
S3959,12
S3960,3
S3961,12
S3962,3
S3963,17
S3964,5
S3965,17
S3966,12
S3967,8
S3968,12
S3969,17
S3970,12
S3971,11
S3972,1
S3973,2
S3974,5
S3975,1
S3976,17
S3977,6
S3978,14
S3979,6
S3980,14
S3981,6
S3982,6
S3983,1
S3984,6
S3985,13
S3986,17
S3987,5
S3988,17
S3989,12
S3990,5
S3991,1
S3992,14
S3993,10
S3994,6
S3995,1
S3996,14
S3997,5
S3998,17
S3999,6
S4000,14
S4001,6
S4002,7
S4003,10
S4004,14
S4005,10
S4006,6
S4007,5
S4008,3
S4009,11
S4010,6
S4011,5
S4012,5
S4013,17
S4014,5
S4015,5
S4016,17
S4017,13
S4018,17
S4019,12
S4020,11
S4021,5
S4022,2
S4023,2
S4024,5
S4025,17
S4026,8
S4027,3
S4028,1
S4029,6
S4030,6
S4031,5
S4032,11
S4033,17
S4034,8
S4035,12
S4036,14
S4037,10
S4038,6
S4039,5
S4040,14
S4041,2
S4042,2
S4043,5
S4044,12
S4045,1
S4046,5
S4047,6
S4048,6
S4049,6
S4050,1
S4051,11
S4052,10
S4053,5
S4054,17
S4055,17
S4056,12
S4057,14
S4058,6
S4059,1
S4060,17
S4061,6
S4062,5
S4063,6
S4064,11
S4065,6
S4066,11
S4067,5
S4068,17
S4069,5
S4070,14
S4071,6
S4072,6
S4073,1
S4074,17
S4075,8
S4076,1
S4077,14
S4078,10
S4079,6
S4080,6
S4081,13
S4082,10
S4083,5
S4084,12
S4085,14
S4086,6
S4087,2
S4088,5
S4089,10
S4090,10
S4091,7
S4092,11
S4093,6
S4094,5
S4095,5
S4096,11
S4097,12
S4098,1
S4099,14
S4100,6
S4101,6
S4102,8
S4103,6
S4104,5
S4105,10
S4106,6
S4107,6
S4108,5
S4109,4
S4110,15
S4111,15
S4112,6
S4113,1
S4114,17
S4115,6
S4116,11
S4117,1
S4118,14
S4119,6
S4120,6
S4121,11
S4122,6
S4123,3
S4124,12
S4125,6
S4126,3
S4127,12
S4128,1
S4129,12
S4130,17
S4131,12
S4132,17
S4133,14
S4134,6
S4135,12
S4136,6
S4137,12
S4138,7
S4139,14
S4140,6
S4141,1
S4142,10
S4143,6
S4144,1
S4145,14
S4146,6
S4147,1
S4148,6
S4149,5
S4150,12
S4151,6
S4152,6
S4153,6
S4154,6
S4155,2
S4156,11
S4157,14
S4158,2
S4159,3
S4160,12
S4161,6
S4162,6
S4163,2
S4164,2
S4165,5
S4166,5
S4167,8
S4168,3
S4169,17
S4170,5
S4171,8
S4172,14
S4173,6
S4174,6
S4175,5
S4176,17
S4177,8
S4178,3
S4179,11
S4180,12
S4181,11
S4182,8
S4183,10
S4184,5
S4185,10
S4186,5
S4187,7
S4188,11
S4189,11
S4190,14
S4191,6
S4192,5
S4193,6
S4194,12
S4195,2
S4196,3
S4197,5
S4198,5
S4199,17
S4200,8
S4201,11
S4202,11
S4203,5
S4204,17
S4205,8
S4206,12
S4207,1
S4208,14
S4209,6
S4210,6
S4211,1
S4212,1
S4213,14
S4214,6
S4215,6
S4216,11
S4217,7
S4218,2
S4219,11
S4220,1
S4221,2
S4222,2
S4223,5
S4224,17
S4225,12
S4226,12
S4227,17
S4228,2
S4229,17
S4230,2
S4231,5
S4232,14
S4233,6
S4234,8
S4235,3
S4236,8
S4237,12
S4238,6
S4239,5
S4240,17
S4241,8
S4242,17
S4243,12
S4244,14
S4245,6
S4246,5
S4247,17
S4248,2
S4249,7
S4250,17
S4251,2
S4252,15
S4253,10
S4254,5
S4255,1
S4256,17
S4257,6
S4258,5
S4259,17
S4260,12
S4261,12
S4262,17
S4263,12
S4264,12
S4265,3
S4266,6
S4267,1
S4268,14
S4269,6
S4270,17
S4271,7
S4272,17
S4273,8
S4274,10
S4275,5
S4276,17
S4277,6
S4278,12
S4279,6
S4280,12
S4281,1
S4282,6
S4283,8
S4284,13
S4285,10
S4286,1
S4287,14
S4288,6
S4289,17
S4290,14
S4291,6
S4292,10
S4293,5
S4294,17
S4295,12
S4296,2
S4297,1
S4298,17
S4299,13
S4300,14
S4301,6
S4302,1
S4303,12
S4304,17
S4305,11
S4306,1
S4307,14
S4308,6
S4309,2
S4310,8
S4311,11
S4312,1
S4313,10
S4314,5
S4315,17
S4316,8
S4317,11
S4318,1
S4319,2
S4320,15
S4321,8
S4322,11
S4323,1
S4324,2
S4325,6
S4326,1
S4327,2
S4328,6
S4329,5
S4330,2
S4331,12
S4332,1
S4333,15
S4334,8
S4335,11
S4336,10
S4337,5
S4338,6
S4339,6
S4340,17
S4341,6
S4342,12
S4343,5
S4344,14
S4345,6
S4346,1
S4347,12
S4348,5
S4349,2
S4350,3
S4351,10
S4352,13
S4353,11
S4354,12
S4355,3
S4356,8
S4357,12
S4358,12
S4359,6
S4360,12
S4361,1
S4362,10
S4363,6
S4364,5
S4365,17
S4366,8
S4367,10
S4368,3
S4369,14
S4370,6
S4371,8
S4372,8
S4373,12
S4374,1
S4375,10
S4376,5
S4377,17
S4378,8
S4379,8
S4380,15
S4381,1
S4382,14
S4383,11
S4384,10
S4385,6
S4386,6
S4387,14
S4388,12
S4389,6
S4390,1
S4391,6
S4392,1
S4393,14
S4394,6
S4395,6
S4396,11
S4397,5
S4398,17
S4399,14
S4400,10
S4401,6
S4402,12
S4403,8
S4404,10
S4405,17
S4406,6
S4407,5
S4408,14
S4409,10
S4410,1
S4411,12
S4412,5
S4413,17
S4414,8
S4415,8
S4416,12
S4417,1
S4418,14
S4419,6
S4420,5
S4421,6
S4422,5
S4423,1
S4424,6
S4425,5
S4426,17
S4427,12
S4428,17
S4429,6
S4430,17
S4431,5
S4432,12
S4433,17
S4434,17
S4435,12
S4436,5
S4437,17
S4438,6
S4439,5
S4440,1
S4441,6
S4442,14
S4443,6
S4444,6
S4445,1
S4446,12
S4447,5
S4448,17
S4449,17
S4450,10
S4451,3
S4452,12
S4453,14
S4454,6
S4455,6
S4456,1
S4457,14
S4458,2
S4459,6
S4460,1
S4461,14
S4462,6
S4463,6
S4464,5
S4465,1
S4466,14
S4467,6
S4468,5
S4469,2
S4470,14
S4471,6
S4472,12
S4473,17
S4474,3
S4475,12
S4476,11
S4477,6
S4478,8
S4479,8
S4480,12
S4481,14
S4482,1
S4483,11
S4484,11
S4485,17
S4486,15
S4487,14
S4488,6
S4489,5
S4490,6
S4491,5
S4492,6
S4493,1
S4494,5
S4495,17
S4496,12
S4497,5
S4498,6
S4499,8
S4500,10
S4501,1
S4502,17
S4503,11
S4504,12
S4505,14
S4506,6
S4507,3
S4508,7
S4509,12
S4510,5
S4511,17
S4512,8
S4513,12
S4514,13
S4515,17
S4516,10
S4517,6
S4518,6
S4519,8
S4520,11
S4521,17
S4522,12
S4523,14
S4524,6
S4525,6
S4526,5
S4527,17
S4528,8
S4529,11
S4530,11
S4531,12
S4532,11
S4533,1
S4534,17
S4535,5
S4536,17
S4537,12
S4538,14
S4539,1
S4540,7
S4541,17
S4542,13
S4543,11
S4544,5
S4545,1
S4546,10
S4547,5
S4548,12
S4549,8
S4550,14
S4551,10
S4552,6
S4553,1
S4554,2
S4555,5
S4556,5
S4557,17
S4558,12
S4559,6
S4560,5
S4561,9
S4562,5
S4563,17
S4564,12
S4565,7
S4566,17
S4567,1
S4568,14
S4569,6
S4570,6
S4571,17
S4572,8
S4573,11
S4574,1
S4575,17
S4576,6
S4577,14
S4578,8
S4579,8
S4580,12
S4581,7
S4582,12
S4583,1
S4584,6
S4585,5
S4586,8
S4587,17
S4588,12
S4589,1
S4590,17
S4591,5
S4592,5
S4593,17
S4594,15
S4595,6
S4596,1
S4597,6
S4598,8
S4599,12
S4600,1
S4601,1
S4602,14
S4603,6
S4604,1
S4605,6
S4606,6
S4607,7
S4608,12
S4609,17
S4610,12
S4611,17
S4612,8
S4613,10
S4614,14
S4615,6
S4616,3
S4617,5
S4618,1
S4619,6
S4620,5
S4621,1
S4622,17
S4623,5
S4624,6
S4625,11
S4626,12
S4627,17
S4628,6
S4629,5
S4630,5
S4631,17
S4632,5
S4633,5
S4634,14
S4635,6
S4636,8
S4637,12
S4638,14
S4639,6
S4640,1
S4641,14
S4642,6
S4643,6
S4644,1
S4645,1
S4646,6
S4647,6
S4648,14
S4649,6
S4650,17
S4651,5
S4652,17
S4653,8
S4654,11
S4655,11
S4656,14
S4657,6
S4658,6
S4659,6
S4660,17
S4661,12
S4662,13
S4663,2
S4664,3
S4665,12
S4666,6
S4667,6
S4668,3
S4669,7
S4670,8
S4671,12
S4672,17
S4673,6
S4674,5
S4675,11
S4676,14
S4677,2
S4678,6
S4679,10
S4680,6
S4681,5
S4682,8
S4683,3
S4684,14
S4685,6
S4686,17
S4687,12
S4688,5
S4689,17
S4690,12
S4691,17
S4692,12
S4693,3
S4694,3
S4695,12
S4696,6
S4697,11
S4698,11
S4699,12
S4700,3
S4701,12
S4702,6
S4703,1
S4704,10
S4705,17
S4706,5
S4707,17
S4708,10
S4709,6
S4710,6
S4711,12
S4712,5
S4713,17
S4714,8
S4715,3
S4716,12
S4717,14
S4718,6
S4719,5
S4720,6
S4721,2
S4722,12
S4723,5
S4724,1
S4725,17
S4726,6
S4727,1
S4728,17
S4729,17
S4730,5
S4731,11
S4732,7
S4733,10
S4734,5
S4735,5
S4736,8
S4737,12
S4738,1
S4739,14
S4740,6
S4741,1
S4742,2
S4743,5
S4744,5
S4745,11
S4746,1
S4747,8
S4748,14
S4749,6
S4750,6
S4751,1
S4752,17
S4753,6
S4754,5
S4755,17
S4756,17
S4757,12
S4758,14
S4759,6
S4760,6
S4761,5
S4762,17
S4763,8
S4764,3
S4765,14
S4766,6
S4767,7
S4768,11
S4769,17
S4770,1
S4771,17
S4772,6
S4773,5
S4774,17
S4775,6
S4776,7
S4777,6
S4778,6
S4779,5
S4780,17
S4781,8
S4782,14
S4783,6
S4784,12
S4785,6
S4786,11
S4787,3
S4788,12
S4789,6
S4790,5
S4791,12
S4792,5
S4793,3
S4794,17
S4795,8
S4796,12
S4797,17
S4798,6
S4799,6
S4800,5
S4801,17
S4802,12
S4803,1
S4804,11
S4805,6
S4806,5
S4807,17
S4808,12
S4809,12
S4810,17
S4811,11
S4812,7
S4813,17
S4814,8
S4815,12
S4816,17
S4817,17
S4818,8
S4819,10
S4820,5
S4821,17
S4822,12
S4823,14
S4824,10
S4825,6
S4826,5
S4827,7
S4828,8
S4829,11
S4830,10
S4831,1
S4832,14
S4833,6
S4834,5
S4835,17
S4836,12
S4837,13
S4838,13
S4839,2
S4840,8
S4841,11
S4842,1
S4843,14
S4844,6
S4845,13
S4846,2
S4847,17
S4848,5
S4849,12
S4850,1
S4851,11
S4852,14
S4853,6
S4854,14
S4855,6
S4856,12
S4857,6
S4858,8
S4859,12
S4860,1
S4861,11
S4862,6
S4863,6
S4864,5
S4865,1
S4866,2
S4867,5
S4868,2
S4869,12
S4870,3
S4871,15
S4872,15
S4873,1
S4874,6
S4875,2
S4876,7
S4877,17
S4878,11
S4879,12
S4880,17
S4881,10
S4882,6
S4883,5
S4884,17
S4885,12
S4886,3
S4887,12
S4888,1
S4889,17
S4890,12
S4891,17
S4892,1
S4893,14
S4894,6
S4895,1
S4896,1
S4897,14
S4898,1
S4899,1
S4900,14
S4901,6
S4902,6
S4903,1
S4904,2
S4905,7
S4906,17
S4907,12
S4908,1
S4909,7
S4910,6
S4911,1
S4912,2
S4913,2
S4914,17
S4915,12
S4916,6
S4917,5
S4918,1
S4919,14
S4920,12
S4921,1
S4922,2
S4923,2
S4924,1
S4925,2
S4926,6
S4927,1
S4928,2
S4929,2
S4930,6
S4931,17
S4932,8
S4933,3
S4934,12
S4935,5
S4936,7
S4937,17
S4938,8
S4939,10
S4940,10
S4941,8
S4942,3
S4943,12
S4944,17
S4945,5
S4946,11
S4947,13
S4948,6
S4949,6
S4950,5
S4951,8
S4952,8
S4953,11
S4954,12
S4955,13
S4956,14
S4957,5
S4958,6
S4959,17
S4960,12
S4961,14
S4962,6
S4963,6
S4964,17
S4965,12
S4966,7
S4967,17
S4968,8
S4969,12
S4970,17
S4971,6
S4972,5
S4973,12
S4974,17
S4975,12
S4976,2
S4977,2
S4978,6
S4979,8
S4980,14
S4981,6
S4982,6
S4983,6
S4984,17
S4985,17
S4986,11
S4987,5
S4988,2
S4989,1
S4990,2
S4991,14
S4992,6
S4993,17
S4994,8
S4995,14
S4996,10
S4997,6
S4998,1
S4999,6
S5000,2
S5001,8
S5002,8
S5003,8
S5004,12
S5005,1
S5006,7
S5007,12
S5008,12
S5009,2
S5010,6
S5011,1
S5012,14
S5013,12
S5014,5
S5015,10
S5016,5
S5017,17
S5018,8
S5019,11
S5020,17
S5021,5
S5022,17
S5023,3
S5024,5
S5025,17
S5026,14
S5027,6
S5028,1
S5029,10
S5030,2
S5031,5
S5032,11
S5033,12
S5034,14
S5035,6
S5036,17
S5037,12
S5038,12
S5039,3
S5040,12
S5041,14
S5042,6
S5043,7
S5044,8
S5045,14
S5046,10
S5047,6
S5048,17
S5049,1
S5050,6
S5051,1
S5052,12
S5053,17
S5054,6
S5055,12
S5056,1
S5057,6
S5058,13
S5059,8
S5060,1
S5061,14
S5062,6
S5063,5
S5064,17
S5065,12
S5066,5
S5067,11
S5068,6
S5069,12
S5070,2
S5071,14
S5072,2
S5073,3
S5074,12
S5075,6
S5076,6
S5077,11
S5078,10
S5079,6
S5080,5
S5081,11
S5082,6
S5083,14
S5084,5
S5085,17
S5086,1
S5087,15
S5088,5
S5089,2
S5090,3
S5091,8
S5092,11
S5093,10
S5094,14
S5095,6
S5096,6
S5097,1
S5098,14
S5099,2
S5100,6
S5101,5
S5102,12
S5103,1
S5104,15
S5105,7
S5106,1
S5107,2
S5108,5
S5109,17
S5110,12
S5111,12
S5112,6
S5113,14
S5114,6
S5115,2
S5116,2
S5117,12
S5118,2
S5119,6
S5120,6
S5121,5
S5122,11
S5123,5
S5124,6
S5125,14
S5126,6
S5127,1
S5128,10
S5129,6
S5130,14
S5131,10
S5132,10
S5133,6
S5134,10
S5135,2
S5136,5
S5137,7
S5138,5
S5139,2
S5140,6
S5141,5
S5142,17
S5143,17
S5144,8
S5145,1
S5146,17
S5147,3
S5148,12
S5149,5
S5150,17
S5151,7
S5152,2
S5153,6
S5154,1
S5155,2
S5156,1
S5157,2
S5158,11
S5159,10
S5160,14
S5161,6
S5162,5
S5163,6
S5164,1
S5165,6
S5166,1
S5167,2
S5168,10
S5169,6
S5170,5
S5171,6
S5172,5
S5173,8
S5174,12
S5175,3
S5176,11
S5177,14
S5178,2
S5179,2
S5180,5
S5181,7
S5182,12
S5183,1
S5184,6
S5185,17
S5186,6
S5187,12
S5188,5
S5189,1
S5190,14
S5191,6
S5192,1
S5193,5
S5194,5
S5195,17
S5196,10
S5197,13
S5198,8
S5199,3
S5200,12
S5201,11
S5202,11
S5203,10
S5204,14
S5205,6
S5206,6
S5207,6
S5208,17
S5209,5
S5210,17
S5211,6
S5212,8
S5213,10
S5214,6
S5215,5
S5216,17
S5217,12
S5218,14
S5219,6
S5220,6
S5221,6
S5222,14
S5223,10
S5224,6
S5225,5
S5226,17
S5227,8
S5228,12
S5229,6
S5230,17
S5231,5
S5232,6
S5233,1
S5234,5
S5235,7
S5236,17
S5237,8
S5238,3
S5239,11
S5240,12
S5241,10
S5242,17
S5243,6
S5244,11
S5245,12
S5246,5
S5247,17
S5248,5
S5249,17
S5250,12
S5251,14
S5252,12
S5253,6
S5254,5
S5255,17
S5256,12
S5257,5
S5258,2
S5259,8
S5260,11
S5261,14
S5262,6
S5263,5
S5264,17
S5265,5
S5266,10
S5267,2
S5268,5
S5269,12
S5270,6
S5271,1
S5272,2
S5273,8
S5274,12
S5275,12
S5276,1
S5277,14
S5278,6
S5279,6
S5280,5
S5281,17
S5282,8
S5283,11
S5284,12
S5285,1
S5286,1
S5287,11
S5288,14
S5289,6
S5290,5
S5291,14
S5292,6
S5293,6
S5294,1
S5295,2
S5296,12
S5297,6
S5298,13
S5299,6
S5300,8
S5301,11
S5302,10
S5303,5
S5304,17
S5305,10
S5306,6
S5307,6
S5308,12
S5309,5
S5310,14
S5311,6
S5312,6
S5313,1
S5314,10
S5315,1
S5316,2
S5317,6
S5318,7
S5319,6
S5320,6
S5321,5
S5322,14
S5323,6
S5324,6
S5325,12
S5326,6
S5327,5
S5328,17
S5329,6
S5330,5
S5331,17
S5332,8
S5333,8
S5334,11
S5335,3
S5336,7
S5337,12
S5338,6
S5339,17
S5340,13
S5341,16
S5342,8
S5343,12
S5344,12
S5345,6
S5346,7
S5347,14
S5348,6
S5349,5
S5350,17
S5351,12
S5352,5
S5353,2
S5354,5
S5355,5
S5356,9
S5357,5
S5358,17
S5359,12
S5360,12
S5361,17
S5362,6
S5363,17
S5364,12
S5365,6
S5366,6
S5367,1
S5368,2
S5369,10
S5370,14
S5371,6
S5372,1
S5373,1
S5374,14
S5375,6
S5376,1
S5377,6
S5378,17
S5379,6
S5380,1
S5381,14
S5382,17
S5383,6
S5384,6
S5385,6
S5386,5
S5387,17
S5388,12
S5389,13
S5390,12
S5391,6
S5392,7
S5393,8
S5394,12
S5395,14
S5396,5
S5397,5
S5398,7
S5399,17
S5400,8
S5401,10
S5402,6
S5403,12
S5404,11
S5405,12
S5406,6
S5407,6
S5408,5
S5409,5
S5410,17
S5411,5
S5412,17
S5413,8
S5414,14
S5415,10
S5416,1
S5417,14
S5418,6
S5419,17
S5420,6
S5421,5
S5422,17
S5423,12
S5424,12
S5425,5
S5426,6
S5427,5
S5428,2
S5429,3
S5430,5
S5431,5
S5432,15
S5433,6
S5434,6
S5435,6
S5436,13
S5437,17
S5438,5
S5439,17
S5440,6
S5441,8
S5442,15
S5443,6
S5444,17
S5445,6
S5446,12
S5447,1
S5448,14
S5449,10
S5450,6
S5451,5
S5452,17
S5453,12
S5454,17
S5455,10
S5456,6
S5457,1
S5458,7
S5459,6
S5460,1
S5461,7
S5462,17
S5463,12
S5464,3
S5465,12
S5466,1
S5467,10
S5468,6
S5469,16
S5470,5
S5471,17
S5472,8
S5473,11
S5474,10
S5475,7
S5476,14
S5477,6
S5478,8
S5479,3
S5480,12
S5481,17
S5482,3
S5483,12
S5484,14
S5485,6
S5486,1
S5487,11
S5488,5
S5489,12
S5490,17
S5491,12
S5492,14
S5493,6
S5494,7
S5495,12
S5496,10
S5497,6
S5498,6
S5499,1
S5500,6
S5501,5
S5502,17
S5503,12
S5504,12
S5505,17
S5506,14
S5507,10
S5508,5
S5509,17
S5510,17
S5511,12
S5512,3
S5513,12
S5514,8
S5515,17
S5516,3
S5517,12
S5518,3
S5519,13
S5520,5
S5521,17
S5522,12
S5523,11
S5524,9
S5525,5
S5526,7
S5527,5
S5528,17
S5529,5
S5530,1
S5531,15
S5532,6
S5533,8
S5534,12
S5535,17
S5536,5
S5537,15
S5538,5
S5539,2
S5540,6
S5541,6
S5542,5
S5543,17
S5544,12
S5545,2
S5546,14
S5547,10
S5548,6
S5549,8
S5550,12
S5551,14
S5552,6
S5553,10
S5554,6
S5555,8
S5556,11
S5557,12
S5558,1
S5559,14
S5560,15
S5561,6
S5562,17
S5563,5
S5564,17
S5565,12
S5566,17
S5567,17
S5568,7
S5569,17
S5570,8
S5571,12
S5572,1
S5573,6
S5574,5
S5575,15
S5576,5
S5577,14
S5578,6
S5579,1
S5580,14
S5581,6
S5582,8
S5583,11
S5584,6
S5585,5
S5586,17
S5587,6
S5588,7
S5589,11
S5590,12
S5591,6
S5592,6
S5593,13
S5594,17
S5595,8
S5596,3
S5597,14
S5598,12
S5599,6
S5600,5
S5601,17
S5602,8
S5603,3
S5604,12
S5605,13
S5606,14
S5607,6
S5608,12
S5609,6
S5610,10
S5611,1
S5612,6
S5613,5
S5614,6
S5615,17
S5616,5
S5617,6
S5618,5
S5619,1
S5620,1
S5621,6
S5622,7
S5623,6
S5624,11
S5625,8
S5626,11
S5627,12
S5628,5
S5629,17
S5630,8
S5631,10
S5632,5
S5633,17
S5634,12
S5635,12
S5636,10
S5637,13
S5638,14
S5639,2
S5640,6
S5641,14
S5642,6
S5643,7
S5644,17
S5645,8
S5646,14
S5647,6
S5648,1
S5649,6
S5650,10
S5651,1
S5652,17
S5653,7
S5654,12
S5655,6
S5656,1
S5657,12
S5658,11
S5659,17
S5660,8
S5661,11
S5662,14
S5663,6
S5664,5
S5665,17
S5666,8
S5667,12
S5668,6
S5669,17
S5670,17
S5671,12
S5672,1
S5673,14
S5674,2
S5675,5
S5676,5
S5677,14
S5678,6
S5679,8
S5680,10
S5681,7
S5682,10
S5683,11
S5684,5
S5685,17
S5686,12
S5687,12
S5688,17
S5689,12
S5690,5
S5691,13
S5692,17
S5693,8
S5694,12
S5695,1
S5696,14
S5697,10
S5698,6
S5699,7
S5700,6
S5701,6
S5702,5
S5703,17
S5704,6
S5705,8
S5706,12
S5707,14
S5708,13
S5709,5
S5710,17
S5711,8
S5712,11
S5713,12
S5714,3
S5715,5
S5716,17
S5717,12
S5718,2
S5719,6
S5720,5
S5721,17
S5722,5
S5723,17
S5724,8
S5725,14
S5726,6
S5727,6
S5728,14
S5729,6
S5730,5
S5731,17
S5732,12
S5733,6
S5734,17
S5735,17
S5736,1
S5737,2
S5738,1
S5739,6
S5740,3
S5741,5
S5742,17
S5743,6
S5744,8
S5745,14
S5746,6
S5747,6
S5748,5
S5749,17
S5750,5
S5751,17
S5752,12
S5753,12
S5754,5
S5755,12
S5756,17
S5757,8
S5758,10
S5759,1
S5760,10
S5761,17
S5762,12
S5763,11
S5764,13
S5765,17
S5766,6
S5767,13
S5768,14
S5769,6
S5770,5
S5771,12
S5772,6
S5773,17
S5774,1
S5775,10
S5776,2
S5777,5
S5778,7
S5779,11
S5780,8
S5781,11
S5782,10
S5783,7
S5784,12
S5785,5
S5786,17
S5787,5
S5788,17
S5789,8
S5790,10
S5791,8
S5792,14
S5793,6
S5794,1
S5795,5
S5796,14
S5797,6
S5798,5
S5799,2
S5800,2
S5801,2
S5802,14
S5803,10
S5804,6
S5805,6
S5806,1
S5807,14
S5808,2
S5809,1
S5810,14
S5811,10
S5812,6
S5813,8
S5814,12
S5815,12
S5816,8
S5817,1
S5818,5
S5819,14
S5820,10
S5821,6
S5822,12
S5823,2
S5824,1
S5825,8
S5826,3
S5827,10
S5828,1
S5829,14
S5830,10
S5831,6
S5832,5
S5833,1
S5834,6
S5835,12
S5836,11
S5837,17
S5838,6
S5839,8
S5840,3
S5841,12
S5842,5
S5843,17
S5844,12
S5845,12
S5846,17
S5847,12
S5848,8
S5849,6
S5850,5
S5851,17
S5852,7
S5853,12
S5854,6
S5855,5
S5856,14
S5857,6
S5858,6
S5859,5
S5860,6
S5861,8
S5862,12
S5863,12
S5864,17
S5865,8
S5866,12
S5867,14
S5868,6
S5869,11
S5870,1
S5871,14
S5872,6
S5873,5
S5874,8
S5875,6
S5876,1
S5877,12
S5878,1
S5879,2
S5880,1
S5881,6
S5882,17
S5883,11
S5884,11
S5885,12
S5886,7
S5887,17
S5888,12
S5889,1
S5890,6
S5891,5
S5892,1
S5893,14
S5894,6
S5895,6
S5896,5
S5897,14
S5898,12
S5899,2
S5900,2
S5901,2
S5902,3
S5903,17
S5904,12
S5905,1
S5906,1
S5907,14
S5908,6
S5909,1
S5910,6
S5911,6
S5912,5
S5913,17
S5914,12
S5915,1
S5916,17
S5917,6
S5918,1
S5919,6
S5920,5
S5921,17
S5922,12
S5923,13
S5924,17
S5925,12
S5926,6
S5927,6
S5928,11
S5929,5
S5930,17
S5931,12
S5932,15
S5933,6
S5934,1
S5935,2
S5936,5
S5937,17
S5938,1
S5939,14
S5940,6
S5941,6
S5942,11
S5943,1
S5944,2
S5945,2
S5946,12
S5947,17
S5948,12
S5949,5
S5950,14
S5951,6
S5952,6
S5953,2
S5954,2
S5955,14
S5956,6
S5957,1
S5958,6
S5959,1
S5960,14
S5961,6
S5962,6
S5963,5
S5964,1
S5965,1
S5966,6
S5967,6
S5968,1
S5969,6
S5970,1
S5971,2
S5972,1
S5973,10
S5974,5
S5975,12
S5976,1
S5977,14
S5978,2
S5979,6
S5980,5
S5981,17
S5982,11
S5983,10
S5984,3
S5985,10
S5986,5
S5987,17
S5988,12
S5989,12
S5990,17
S5991,10
S5992,11
S5993,17
S5994,12
S5995,6
S5996,1
S5997,15
S5998,5
S5999,17
S6000,12
S6001,11
S6002,6
S6003,5
S6004,10
S6005,1
S6006,11
S6007,17
S6008,8
S6009,3
S6010,12
S6011,5
S6012,11
S6013,6
S6014,5
S6015,11
S6016,17
S6017,2
S6018,2
S6019,3
S6020,12
S6021,14
S6022,6
S6023,11
S6024,6
S6025,5
S6026,17
S6027,17
S6028,8
S6029,13
S6030,14
S6031,6
S6032,1
S6033,2
S6034,2
S6035,6
S6036,6
S6037,14
S6038,6
S6039,12
S6040,5
S6041,5
S6042,17
S6043,5
S6044,2
S6045,5
S6046,5
S6047,9
S6048,5
S6049,14
S6050,6
S6051,1
S6052,12
S6053,6
S6054,8
S6055,8
S6056,10
S6057,5
S6058,17
S6059,6
S6060,12
S6061,6
S6062,1
S6063,14
S6064,6
S6065,6
S6066,17
S6067,8
S6068,10
S6069,5
S6070,17
S6071,8
S6072,12
S6073,14
S6074,6
S6075,1
S6076,7
S6077,12
S6078,10
S6079,6
S6080,6
S6081,13
S6082,12
S6083,10
S6084,1
S6085,5
S6086,1
S6087,14
S6088,6
S6089,10
S6090,6
S6091,5
S6092,17
S6093,2
S6094,6
S6095,8
S6096,12
S6097,1
S6098,12
S6099,1
S6100,2
S6101,5
S6102,2
S6103,14
S6104,6
S6105,2
S6106,6
S6107,6
S6108,1
S6109,14
S6110,6
S6111,5
S6112,6
S6113,7
S6114,10
S6115,6
S6116,1
S6117,6
S6118,5
S6119,17
S6120,6
S6121,5
S6122,12
S6123,17
S6124,1
S6125,12
S6126,3
S6127,12
S6128,17
S6129,6
S6130,1
S6131,17
S6132,6
S6133,6
S6134,5
S6135,11
S6136,12
S6137,17
S6138,6
S6139,7
S6140,12
S6141,6
S6142,6
S6143,1
S6144,14
S6145,14
S6146,6
S6147,17
S6148,5
S6149,1
S6150,14
S6151,10
S6152,6
S6153,10
S6154,6
S6155,1
S6156,17
S6157,10
S6158,5
S6159,8
S6160,11
S6161,1
S6162,6
S6163,3
S6164,17
S6165,6
S6166,5
S6167,17
S6168,12
S6169,12
S6170,2
S6171,5
S6172,8
S6173,12
S6174,17
S6175,6
S6176,3
S6177,6
S6178,17
S6179,8
S6180,3
S6181,1
S6182,14
S6183,6
S6184,6
S6185,17
S6186,8
S6187,15
S6188,1
S6189,5
S6190,6
S6191,6
S6192,5
S6193,17
S6194,12
S6195,5
S6196,17
S6197,1
S6198,14
S6199,5
S6200,6
S6201,11
S6202,17
S6203,12
S6204,1
S6205,2
S6206,3
S6207,12
S6208,13
S6209,1
S6210,14
S6211,10
S6212,1
S6213,7
S6214,14
S6215,6
S6216,1
S6217,17
S6218,17
S6219,8
S6220,14
S6221,6
S6222,1
S6223,12
S6224,14
S6225,11
S6226,5
S6227,17
S6228,12
S6229,15
S6230,6
S6231,6
S6232,5
S6233,14
S6234,6
S6235,2
S6236,14
S6237,6
S6238,5
S6239,7
S6240,14
S6241,1
S6242,6
S6243,8
S6244,8
S6245,12
S6246,1
S6247,14
S6248,10
S6249,6
S6250,1
S6251,17
S6252,14
S6253,6
S6254,2
S6255,1
S6256,14
S6257,6
S6258,6
S6259,1
S6260,14
S6261,2
S6262,1
S6263,2
S6264,5
S6265,7
S6266,1
S6267,1
S6268,6
S6269,8
S6270,12
S6271,1
S6272,15
S6273,1
S6274,11
S6275,2
S6276,6
S6277,6
S6278,5
S6279,5
